,Ping (ms),Download (Mbit/s),Upload (Mbit/s),Date,Time
0,b'21.661',b'2469.13',b'552.68',2026-02-17,08:26:22
1,b'13.242',b'2603.62',b'558.49',2026-02-17,08:26:27
2,b'13.139',b'2263.88',b'635.75',2026-02-17,08:26:32
3,b'13.3',b'2344.32',b'618.81',2026-02-17,08:26:36
4,b'13.04',b'2883.40',b'558.77',2026-02-17,08:26:41
5,b'13.02',b'2552.66',b'646.07',2026-02-17,08:26:46
6,b'13.044',b'2360.04',b'630.02',2026-02-17,08:26:50
7,b'13.107',b'2329.67',b'642.47',2026-02-17,08:26:55
8,b'13.148',b'2217.74',b'572.83',2026-02-17,08:27:00
9,b'13.162',b'3424.87',b'729.07',2026-02-17,08:27:05
10,b'13.388',b'2366.15',b'650.85',2026-02-17,08:27:09
11,b'13.312',b'2351.31',b'571.26',2026-02-17,08:27:14
12,b'13.182',b'3504.12',b'644.38',2026-02-17,08:27:19
13,b'13.105',b'2326.49',b'652.45',2026-02-17,08:27:23
14,b'13.078',b'2224.50',b'675.33',2026-02-17,08:27:28
15,b'13.032',b'3095.19',b'571.77',2026-02-17,08:27:32
16,b'13.062',b'2208.34',b'621.78',2026-02-17,08:27:37
17,b'13.403',b'2305.52',b'688.75',2026-02-17,08:27:42
18,b'12.813',b'3169.05',b'546.21',2026-02-17,08:27:47
19,b'13.095',b'2328.07',b'708.55',2026-02-17,08:27:51
20,b'13.177',b'2321.72',b'672.02',2026-02-17,08:27:56
21,b'13.19',b'2410.52',b'566.41',2026-02-17,08:28:00
22,b'13.057',b'2398.63',b'577.06',2026-02-17,08:28:05
23,b'13.362',b'2821.95',b'620.59',2026-02-17,08:28:10
24,b'13.1',b'2215.31',b'562.36',2026-02-17,08:28:15
25,b'13.045',b'2260.17',b'661.81',2026-02-17,08:28:20
26,b'13.115',b'3306.13',b'590.47',2026-02-17,08:28:24
27,b'13.149',b'2221.73',b'634.63',2026-02-17,08:28:29
28,b'13.132',b'2320.11',b'666.82',2026-02-17,08:28:34
29,b'13.27',b'2987.30',b'603.13',2026-02-17,08:28:39
30,b'13.019',b'2300.36',b'620.18',2026-02-17,08:28:43
31,b'12.97',b'2235.33',b'593.64',2026-02-17,08:28:48
32,b'13.153',b'2364.96',b'683.74',2026-02-17,08:31:18
33,b'13.156',b'2225.70',b'649.08',2026-02-17,08:31:22
34,b'13.073',b'3098.24',b'648.54',2026-02-17,08:31:27
35,b'17.291',b'2292.59',b'576.87',2026-02-17,08:31:31
36,b'13.124',b'2392.33',b'655.64',2026-02-17,08:31:36
37,b'13.204',b'2157.15',b'622.49',2026-02-17,08:31:41
38,b'13.2',b'2272.66',b'644.90',2026-02-17,08:31:46
39,b'13.058',b'3186.89',b'618.09',2026-02-17,08:31:50
40,b'13.15',b'2286.55',b'664.56',2026-02-17,08:31:55
41,b'13.247',b'2329.26',b'616.61',2026-02-17,08:31:59
42,b'13.422',b'3305.65',b'527.71',2026-02-17,08:32:04
43,b'13.822',b'2377.78',b'682.40',2026-02-17,08:32:09
44,b'14.201',b'2465.96',b'676.34',2026-02-17,08:32:13
45,b'13.807',b'3295.50',b'580.35',2026-02-17,08:32:18
46,b'14.066',b'2310.94',b'576.96',2026-02-17,08:32:22
47,b'13.52',b'2307.93',b'717.55',2026-02-17,08:32:27
48,b'17.275',b'3147.50',b'666.15',2026-02-17,08:32:32
49,b'14.009',b'2263.08',b'670.85',2026-02-17,08:32:36
50,b'13.6',b'2289.17',b'642.98',2026-02-17,08:32:41
51,b'13.417',b'2360.38',b'614.25',2026-02-17,08:32:45
52,b'13.58',b'2371.59',b'588.81',2026-02-17,08:32:50
53,b'13.47',b'2688.18',b'593.49',2026-02-17,08:32:55
54,b'13.762',b'2210.32',b'559.12',2026-02-17,08:32:59
55,b'13.692',b'2246.38',b'634.99',2026-02-17,08:33:04
56,b'13.764',b'3429.51',b'528.60',2026-02-17,08:33:09
57,b'13.776',b'2366.37',b'567.92',2026-02-17,08:33:14
58,b'13.708',b'2311.80',b'674.44',2026-02-17,08:33:19
59,b'13.72',b'3282.53',b'596.21',2026-02-17,08:33:23
60,b'14.118',b'2269.25',b'687.89',2026-02-17,08:33:28
61,b'13.543',b'2144.25',b'566.26',2026-02-17,08:33:32
62,b'13.942',b'2394.48',b'682.69',2026-02-17,08:33:37
63,b'13.741',b'2360.91',b'642.43',2026-02-17,08:33:42
64,b'13.349',b'2469.34',b'563.91',2026-02-17,08:33:47
65,b'13.603',b'2322.02',b'631.81',2026-02-17,08:33:52
66,b'13.655',b'2134.16',b'674.89',2026-02-17,08:33:56
67,b'14.555',b'3091.86',b'560.14',2026-02-17,08:34:01
68,b'13.563',b'2159.27',b'591.23',2026-02-17,08:34:06
69,b'13.65',b'2187.89',b'719.99',2026-02-17,08:34:11
70,b'13.755',b'3167.76',b'667.80',2026-02-17,08:34:15
71,b'13.76',b'2306.74',b'667.57',2026-02-17,08:34:19
72,b'13.539',b'2215.29',b'630.99',2026-02-17,08:34:24
73,b'14.214',b'3230.99',b'645.52',2026-02-17,08:34:29
74,b'13.595',b'2367.31',b'646.61',2026-02-17,08:34:33
75,b'13.632',b'2287.06',b'625.75',2026-02-17,08:34:38
76,b'13.897',b'3102.35',b'690.33',2026-02-17,08:34:43
77,b'13.575',b'2355.62',b'650.59',2026-02-17,08:34:47
78,b'13.796',b'2216.15',b'644.30',2026-02-17,08:34:52
79,b'13.833',b'2307.40',b'688.86',2026-02-17,08:34:56
80,b'13.782',b'2293.59',b'657.68',2026-02-17,08:35:01
81,b'13.884',b'2576.54',b'597.63',2026-02-17,08:35:06
82,b'13.751',b'2128.05',b'565.44',2026-02-17,08:35:10
83,b'13.774',b'2270.09',b'624.26',2026-02-17,08:35:15
84,b'13.856',b'3408.27',b'688.87',2026-02-17,08:35:20
85,b'13.998',b'2383.23',b'517.80',2026-02-17,08:35:24
86,b'14.084',b'2274.59',b'577.76',2026-02-17,08:35:29
87,b'13.67',b'3339.34',b'546.55',2026-02-17,08:35:34
88,b'13.774',b'2087.49',b'708.27',2026-02-17,08:35:39
89,b'13.892',b'2265.79',b'689.15',2026-02-17,08:35:44
90,b'13.9',b'2751.45',b'660.16',2026-02-17,08:35:48
91,b'13.696',b'2284.64',b'591.71',2026-02-17,08:35:53
92,b'13.683',b'2298.04',b'708.11',2026-02-17,08:35:58
93,b'13.543',b'2375.90',b'516.04',2026-02-17,08:36:02
94,b'13.538',b'2382.80',b'633.11',2026-02-17,08:36:08
95,b'13.688',b'3385.97',b'569.42',2026-02-17,08:36:12
96,b'14.07',b'2282.86',b'672.47',2026-02-17,08:36:17
97,b'14.382',b'2399.94',b'546.63',2026-02-17,08:36:22
98,b'13.93',b'3396.11',b'708.69',2026-02-17,08:36:26
99,b'13.723',b'2318.86',b'499.78',2026-02-17,08:36:31
100,b'13.644',b'2409.85',b'640.02',2026-02-17,08:36:36
101,b'14.23',b'3120.05',b'625.23',2026-02-17,08:36:41
102,b'14.174',b'2457.06',b'544.86',2026-02-17,08:36:45
103,b'14.099',b'2185.81',b'757.33',2026-02-17,08:36:50
104,b'14.136',b'2434.40',b'674.00',2026-02-17,08:36:54
105,b'13.491',b'2294.84',b'662.41',2026-02-17,08:36:59
106,b'13.663',b'2421.61',b'516.74',2026-02-17,08:37:04
107,b'13.686',b'2253.73',b'510.75',2026-02-17,08:37:09
108,b'13.678',b'2287.98',b'575.92',2026-02-17,08:37:14
109,b'13.922',b'3222.77',b'612.38',2026-02-17,08:37:19
110,b'13.704',b'2392.13',b'619.35',2026-02-17,08:37:23
111,b'13.5',b'2264.34',b'635.28',2026-02-17,08:37:28
112,b'13.858',b'3109.64',b'707.46',2026-02-17,08:37:33
113,b'14.068',b'2370.37',b'683.76',2026-02-17,08:37:37
114,b'13.735',b'2408.31',b'641.94',2026-02-17,08:37:42
115,b'13.702',b'3276.74',b'640.04',2026-02-17,08:37:46
116,b'13.872',b'2309.64',b'642.42',2026-02-17,08:37:51
117,b'13.836',b'2460.42',b'681.68',2026-02-17,08:37:55
118,b'13.661',b'2470.32',b'584.04',2026-02-17,08:38:00
119,b'14.049',b'2168.36',b'689.08',2026-02-17,08:38:05
120,b'13.7',b'2538.57',b'610.42',2026-02-17,08:38:10
121,b'13.702',b'2208.70',b'642.06',2026-02-17,08:38:14
122,b'13.633',b'2261.72',b'577.12',2026-02-17,08:38:19
123,b'13.992',b'3359.51',b'614.57',2026-02-17,08:38:24
124,b'14.193',b'2216.16',b'637.55',2026-02-17,08:38:28
125,b'13.931',b'2269.21',b'620.60',2026-02-17,08:38:33
126,b'14.373',b'3238.93',b'653.77',2026-02-17,08:38:38
127,b'13.73',b'2167.07',b'593.39',2026-02-17,08:38:42
128,b'13.729',b'2372.47',b'605.76',2026-02-17,08:38:47
129,b'13.534',b'3165.20',b'634.82',2026-02-17,08:38:52
130,b'13.654',b'2226.01',b'601.03',2026-02-17,08:38:57
131,b'14.493',b'2212.29',b'658.22',2026-02-17,08:39:02
